id,first_name,last_name,model,sales,SumaPrefijos
1,Paola,Indruch,Nissan,5257.07,5257.07
2,Isidora,Couch,Maserati,7685.37,12942.44
3,Jammie,Thrustle,Mercury,4923.59,17866.03
4,Wallache,Tring,Mazda,7153.88,25019.91
5,Mareah,Minkin,Audi,9934.01,34953.92
6,Hy,Leguay,Chevrolet,2115.84,37069.76
7,Pearline,Sander,Chrysler,5146.96,42216.72
8,Alaster,Muston,Jeep,8009.80,50226.52
9,Meta,Tumilson,Ford,6693.90,56920.42
10,Chucho,Betje,Pontiac,5360.13,62280.55
11,Barnett,Collopy,BMW,9582.18,71862.73
12,Harland,Baford,Plymouth,5418.18,77280.91
13,Rena,Mathwin,BMW,5777.38,83058.29
14,Hamilton,Uebel,Mercedes-Benz,9928.94,92987.23
15,Nert,Gerrens,Chevrolet,4531.61,97518.84
16,Cathrine,Saulter,Audi,2337.00,99855.84
17,Maximilien,Brobak,Mazda,8132.59,107988.43
18,Maison,Waylen,Ford,3078.52,111066.95
19,Humfrid,Colborn,Lexus,3886.85,114953.80
20,Bryn,MacCaig,Mitsubishi,9278.39,124232.19
21,Lissi,Tibbits,BMW,9342.96,133575.15
22,Floris,Tarbert,Ford,4843.31,138418.46
23,Millie,Aiers,Saturn,2996.77,141415.23
24,Kare,Chastenet,Volkswagen,7939.87,149355.10
25,Brandyn,Gaydon,Ford,6617.09,155972.19
26,Alon,Glenister,Ford,8011.27,163983.46
27,Brandice,Grandin,GMC,4971.66,168955.12
28,Marilee,Jaffray,Honda,2383.54,171338.66
29,Keenan,Hessing,Lexus,4219.53,175558.19
30,Cull,Hatto,Mazda,8178.35,183736.54
31,Clemmy,Howle,MINI,2958.71,186695.25
32,Alvan,Dumsday,Lexus,7699.88,194395.13
33,Reggi,Twells,Suzuki,2884.03,197279.16
34,Annamarie,O'Brian,Chrysler,2232.93,199512.09
35,Brade,Kolak,Chevrolet,7629.33,207141.42
36,Amara,McIlroy,Chevrolet,9010.30,216151.72
37,Karie,Triplett,Suzuki,2704.48,218856.20
38,Gloriana,Sharville,Lotus,8568.92,227425.12
39,Cathleen,Franciotti,MINI,4167.52,231592.64
40,Maddy,Woodyear,Ford,4841.75,236434.39
41,Bryant,Fisbey,BMW,4389.04,240823.43
42,Stafford,Doone,Buick,2043.46,242866.89
43,Arda,Manoelli,Volkswagen,7986.91,250853.80
44,Lyssa,Duro,Audi,3153.60,254007.40
45,Lishe,Pentlow,Oldsmobile,9862.79,263870.19
46,Annemarie,Gallant,Nissan,4625.17,268495.36
47,Shanta,Abbis,Ford,3621.68,272117.04
48,Griffy,Chansonne,Volvo,8368.34,280485.38
49,Babita,Thornthwaite,Subaru,5315.38,285800.76
50,Ellery,Lloyd-Williams,Rolls-Royce,3606.41,289407.17
51,Bendicty,Carnduff,Ford,7352.60,296759.77
52,Flory,Trueman,Chevrolet,7169.32,303929.09
53,Nevile,McIleen,Mazda,7583.75,311512.84
54,Ernie,Deave,Oldsmobile,2178.49,313691.33
55,Lina,Screaton,Ford,5061.27,318752.60
56,Johnna,Broad,Nissan,4786.71,323539.31
57,Carolann,Phlippi,GMC,8574.36,332113.67
58,Horatia,Laverack,Dodge,8800.55,340914.22
59,Michele,Brixey,Lexus,3484.66,344398.88
60,Erie,McClosh,Toyota,7193.42,351592.30
61,Arlyne,Reyne,Audi,3375.47,354967.77
62,Val,Cabera,Plymouth,8456.79,363424.56
63,Pru,Wasielewicz,Mazda,8738.56,372163.12
64,Chaim,O' Mullan,Saab,3349.70,375512.82
65,Ole,Swadon,Toyota,5509.76,381022.58
66,Mill,Withull,Pontiac,5135.37,386157.95
67,Eben,McGready,Lincoln,7884.71,394042.66
68,Kittie,Rzehorz,Kia,5241.51,399284.17
69,Paolo,Keohane,Audi,3646.17,402930.34
70,Gayleen,Twizell,Cadillac,3580.92,406511.26
71,Eldridge,Alliker,Dodge,7595.61,414106.87
72,Mickie,Denman,Subaru,4999.71,419106.58
73,Lane,Casarino,Ford,5850.98,424957.56
74,Estel,Van der Veldt,Buick,3926.13,428883.69
75,Gearard,Hellsdon,Ford,7751.85,436635.54
76,Fairleigh,Dowdell,Toyota,5139.76,441775.30
77,Hettie,Bursell,Pontiac,9913.95,451689.25
78,Rodina,Allmond,Ram,4249.12,455938.37
79,Griffie,Clarage,Bentley,7959.33,463897.70
80,Calley,Garritley,Volvo,3968.84,467866.54
81,Antonio,Sawford,Chevrolet,4630.47,472497.01
82,Ailene,Robbings,Lincoln,7588.81,480085.82
83,Aksel,Gonet,GMC,6103.56,486189.38
84,Leonora,Farriar,Audi,7057.05,493246.43
85,Dreddy,Hexum,Jeep,6162.15,499408.58
86,Thatch,Tooke,Land Rover,3215.01,502623.59
87,Cicely,Lambot,MINI,9741.65,512365.24
88,Jammal,Belfelt,Mitsubishi,9574.81,521940.05
89,Melina,Giff,Ford,6949.93,528889.98
90,Lanie,Stowte,Mercedes-Benz,9784.84,538674.82
91,Annabal,Rollitt,Infiniti,7749.85,546424.67
92,Reta,Baumert,Mitsubishi,5759.24,552183.91
93,Wake,Sugden,Dodge,5748.87,557932.78
94,David,Henaughan,Mazda,5019.85,562952.63
95,Kerrie,Pharrow,Cadillac,3611.06,566563.69
96,Kylie,Simmank,Ford,6613.94,573177.63
97,Caddric,Hoston,Mercedes-Benz,5898.68,579076.31
98,Lesya,Caird,Ford,8482.97,587559.28
99,Bail,Renard,Mazda,7840.17,595399.45
100,Clywd,Huck,Nissan,3867.50,599266.95
101,Mose,Lombard,Mercedes-Benz,2753.56,602020.51
102,Mellisent,Dreng,Mazda,5512.69,607533.20
103,Leo,Gately,Kia,7888.50,615421.70
104,Eddie,Titt,Mitsubishi,5730.31,621152.01
105,Trudie,Kohter,Dodge,6249.36,627401.37
106,Loydie,Summerscales,Cadillac,3461.01,630862.38
107,Janaya,Simpson,Pontiac,2617.46,633479.84
108,Frederique,Hadny,Jeep,6325.97,639805.81
109,Obadiah,Tweede,Dodge,9014.09,648819.90
110,Staford,Walford,Mitsubishi,2454.70,651274.60
111,Jemima,Dine-Hart,Ford,3282.44,654557.04
112,Jard,Pourveer,Hummer,9594.45,664151.49
113,Ora,Andriesse,Mazda,7217.92,671369.41
114,Luci,Smallridge,GMC,2661.03,674030.44
115,Felice,Ferencowicz,Oldsmobile,2751.71,676782.15
116,Fifine,Kneller,Suzuki,3254.27,680036.42
117,Nick,Kinsett,Dodge,5182.44,685218.86
118,Roddy,Dan,GMC,6304.39,691523.25
119,Goldina,Chadbourne,Dodge,8109.42,699632.67
120,Arlin,Antonich,Infiniti,5216.34,704849.01
121,Cindee,Adnet,Lexus,3043.27,707892.28
122,Patrice,Gillis,GMC,9777.76,717670.04
123,Hercule,Hollingsbee,Toyota,3300.96,720971.00
124,Janeen,Arch,Chevrolet,8278.96,729249.96
125,Hanni,Ciccottio,Buick,2470.43,731720.39
126,Flory,Somerfield,Geo,9629.34,741349.73
127,Allix,Armal,Pontiac,2201.93,743551.66
128,Boothe,Kippin,Pontiac,4694.12,748245.78
129,Nicola,McMorran,Audi,8945.37,757191.15
130,Nancy,Lazenbury,Maserati,7266.78,764457.93
131,Corina,Shave,Mercedes-Benz,6802.70,771260.63
132,Ashla,Depper,Mazda,3830.16,775090.79
133,Ravi,Langcaster,Toyota,6744.23,781835.02
134,Abigael,Pilfold,Hummer,9189.93,791024.95
135,Marlon,Demchen,Cadillac,2343.16,793368.11
136,Berte,Begent,Oldsmobile,9019.11,802387.22
137,Tally,Flobert,Volkswagen,2558.12,804945.34
138,Jaye,Fricke,GMC,4894.90,809840.24
139,Darrin,Yearron,Daewoo,3511.43,813351.67
140,Nathanil,Ekell,Mercedes-Benz,4767.91,818119.58
141,Emlen,Bertomier,BMW,2897.17,821016.75
142,Bonita,Featherstonhaugh,Acura,6857.64,827874.39
143,Slade,Doust,Ford,5688.11,833562.50
144,Franny,MacAfee,Jeep,8565.11,842127.61
145,Jule,Nevison,Infiniti,4875.73,847003.34
146,Linn,Suddick,Dodge,3582.73,850586.07
147,Shem,Bragger,Nissan,7062.90,857648.97
148,Orion,McGahern,Hyundai,4761.22,862410.19
149,Tomasine,Eccleston,Land Rover,5908.92,868319.11
150,Vivie,Huckleby,Audi,3570.75,871889.86
151,Dyane,Cissen,Dodge,2685.21,874575.07
152,Beverley,Cohan,Ford,8076.83,882651.90
153,Alberta,Bischof,Volvo,9043.53,891695.43
154,Holmes,Milstead,Suzuki,6011.42,897706.85
155,Joly,Earwicker,Mitsubishi,9630.02,907336.87
156,Roxie,Tatters,Chevrolet,6077.02,913413.89
157,Tommie,Coggeshall,Lincoln,7069.20,920483.09
158,Lamar,Piatto,Chevrolet,7587.11,928070.20
159,Frannie,Garrat,Infiniti,7460.23,935530.43
160,Emera,Daber,Lincoln,6461.06,941991.49
161,Gilburt,Gawkroge,Suzuki,2451.29,944442.78
162,Antonio,Slowey,Toyota,6117.49,950560.27
163,Peg,Calderon,Ford,8780.76,959341.03
164,Donnie,Wainscot,Nissan,7033.63,966374.66
165,Dionysus,Dikle,Mercedes-Benz,4128.52,970503.18
166,Marnia,Yeowell,Bentley,6141.83,976645.01
167,Fay,Reveland,Dodge,3862.50,980507.51
168,Gustaf,Leadstone,Mercedes-Benz,2077.82,982585.33
169,Ozzie,Poynzer,Mitsubishi,5370.24,987955.57
170,Irwin,Ettles,Chevrolet,2997.92,990953.49
171,Alfredo,Jiggen,Mercedes-Benz,6344.45,997297.94
172,Selma,Gurys,Infiniti,2525.84,999823.78
173,Max,Cockrell,Lotus,9546.55,1009370.33
174,Phillipe,Anster,Volkswagen,3950.16,1013320.49
175,Fran,Whether,Mitsubishi,2948.09,1016268.58
176,Emylee,Cockney,Pontiac,8572.75,1024841.33
177,Durant,Beckwith,Jaguar,5084.63,1029925.96
178,Barbi,Guppey,Ford,5915.62,1035841.58
179,Walsh,Croce,Dodge,8147.21,1043988.79
180,Bernadene,Hamman,Oldsmobile,4081.79,1048070.58
181,Ivette,Shearwood,Cadillac,8774.78,1056845.36
182,Powell,Knuckles,Audi,3730.12,1060575.48
183,Roosevelt,Barehead,Ford,4998.58,1065574.06
184,Lenci,Sargint,Chevrolet,3721.25,1069295.31
185,Polly,Jurek,Lexus,4277.45,1073572.76
186,Emelina,Bownd,Dodge,8331.55,1081904.31
187,Sayres,Benton,Chevrolet,2102.69,1084007.00
188,Aimil,Figurski,Mercury,6982.44,1090989.44
189,Fredek,Penddreth,Dodge,9381.09,1100370.53
190,Asa,Powrie,Mercedes-Benz,5951.76,1106322.29
191,Sutton,Gask,Pontiac,6145.81,1112468.10
192,Cori,Humm,Saturn,6785.11,1119253.21
193,Hermine,Longhorne,Mazda,5091.21,1124344.42
194,Brietta,Laurand,Mitsubishi,8944.47,1133288.89
195,Reinald,Szymon,Lotus,2622.59,1135911.48
196,Freddie,Ropp,Honda,4919.41,1140830.89
197,Vilhelmina,Rickcord,Saab,9371.95,1150202.84
198,Normand,Becket,GMC,5230.49,1155433.33
199,Keri,Behn,Chevrolet,6093.84,1161527.17
200,Cindra,Obispo,Dodge,9518.36,1171045.53
201,Lyndell,Jandourek,Mazda,8687.50,1179733.03
202,Thatch,Ivchenko,Volkswagen,9191.85,1188924.88
203,Bailey,Larkin,Lexus,5197.34,1194122.22
204,Edd,Partleton,Cadillac,4160.82,1198283.04
205,Selinda,Effemy,Cadillac,3871.85,1202154.89
206,Sofie,Alesio,Mercedes-Benz,3475.54,1205630.43
207,Anna-maria,Estoile,Hyundai,8993.38,1214623.81
208,Franni,Vlahos,Mazda,5865.54,1220489.35
209,Colene,Nolleth,Volkswagen,9126.12,1229615.47
210,Manny,Quinby,Saab,8324.11,1237939.58
211,Jakie,Bulfield,Lotus,5703.80,1243643.38
212,Ara,Sacher,Dodge,9601.55,1253244.93
213,Bearnard,Rawls,Pontiac,4218.33,1257463.26
214,Huey,Franca,Subaru,3519.48,1260982.74
215,Yves,Lancetter,Volkswagen,8459.36,1269442.10
216,Lyle,Benedite,Dodge,2474.04,1271916.14
217,Hermione,Senogles,Chevrolet,2134.55,1274050.69
218,Cris,Comins,Plymouth,2210.76,1276261.45
219,Jaymee,Meekings,Mitsubishi,4719.94,1280981.39
220,Shell,Commucci,Mazda,9326.19,1290307.58
221,Olly,Alsop,Cadillac,6279.17,1296586.75
222,Malia,Amberson,Chevrolet,5155.89,1301742.64
223,Stanley,Cornford,Kia,2445.89,1304188.53
224,Yalonda,Fishpool,GMC,5815.87,1310004.40
225,Donny,Grimwad,Lexus,8825.25,1318829.65
226,Pennie,Paxeford,Ford,8866.41,1327696.06
227,Crista,O'Conor,Ford,5728.67,1333424.73
228,Tomkin,Norrington,Lincoln,2072.52,1335497.25
229,Ned,Drinnan,Isuzu,7687.45,1343184.70
230,Janaya,Bannell,BMW,9074.15,1352258.85
231,Inglis,Reveley,Oldsmobile,2714.47,1354973.32
232,Nissie,Jacqueminet,Suzuki,6953.62,1361926.94
233,Sinclare,Kingescot,BMW,7117.67,1369044.61
234,Delilah,Silbermann,Lexus,3934.42,1372979.03
235,Antoine,Schuck,Chevrolet,8005.95,1380984.98
236,Beth,Dyet,Volvo,8569.17,1389554.15
237,Novelia,Droghan,GMC,5070.59,1394624.74
238,Delmore,Rouby,Mitsubishi,2010.08,1396634.82
239,Kaitlyn,Lamport,Volvo,4594.42,1401229.24
240,Gladi,Dechelle,Toyota,9043.50,1410272.74
241,Izabel,Weaver,BMW,5968.89,1416241.63
242,Eddi,Procter,Nissan,2614.13,1418855.76
243,Brandyn,Helks,GMC,6596.08,1425451.84
244,Ernestine,Jaffray,Lotus,7325.64,1432777.48
245,Phylis,Illesley,Porsche,4023.34,1436800.82
246,Piper,Glavias,Ford,6709.14,1443509.96
247,Sophey,Rubes,Pontiac,9186.83,1452696.79
248,Demetre,Margrett,Dodge,9081.43,1461778.22
249,Sherwin,De Beauchamp,Audi,7798.72,1469576.94
250,Rae,Codd,Honda,9920.45,1479497.39
251,Kelwin,Renehan,GMC,7146.40,1486643.79
252,Margery,Episcopio,Porsche,4135.57,1490779.36
253,Pippy,Croxley,Honda,4312.39,1495091.75
254,Griffin,Parades,Chevrolet,8391.04,1503482.79
255,Allene,Sackler,Ford,3470.36,1506953.15
256,Adriaens,Dicker,Ford,8725.04,1515678.19
257,Orelie,Eyeington,Volkswagen,4251.72,1519929.91
258,Netti,Raraty,Toyota,6683.87,1526613.78
259,Eudora,Littrik,Volkswagen,7886.94,1534500.72
260,Inness,Roggieri,Mercedes-Benz,3396.08,1537896.80
261,Maura,Grcic,Dodge,3565.56,1541462.36
262,Joellen,Ormston,Bentley,8084.24,1549546.60
263,Elysia,Litterick,Ford,7992.98,1557539.58
264,Norene,Mulheron,Chrysler,3445.69,1560985.27
265,Alasteir,Clarridge,Mercedes-Benz,7174.61,1568159.88
266,Aldric,Mendus,Jeep,5457.93,1573617.81
267,Annabela,Tomaszczyk,Chevrolet,7028.89,1580646.70
268,Jobyna,Dzeniskevich,Audi,8198.53,1588845.23
269,Daniela,Domaschke,Mercedes-Benz,3428.25,1592273.48
270,Hagan,Hand,Mitsubishi,7326.79,1599600.27
271,Alberto,Leonida,Lotus,3241.61,1602841.88
272,Aubine,Gladbeck,Dodge,6077.34,1608919.22
273,Jesus,Kennsley,Nissan,9798.92,1618718.14
274,Nessa,Arlet,Mazda,5628.72,1624346.86
275,Lisabeth,Terrett,Volkswagen,5256.35,1629603.21
276,Zelda,Yakunikov,Scion,2245.71,1631848.92
277,Rita,Bennedsen,Dodge,7593.95,1639442.87
278,Jenica,Fritchley,Audi,3351.43,1642794.30
279,Kipp,Gratten,Lotus,4893.70,1647688.00
280,Shena,Candelin,Infiniti,9369.53,1657057.53
281,Agace,Brimelow,Subaru,8326.14,1665383.67
282,Cherilynn,Penella,Infiniti,9790.08,1675173.75
283,Cris,Rayworth,Saturn,3930.97,1679104.72
284,Caresse,Barton,Mazda,4317.74,1683422.46
285,Charmain,Powis,Toyota,4137.18,1687559.64
286,Barny,Tures,Chevrolet,9216.95,1696776.59
287,Gretel,Aronin,BMW,6922.35,1703698.94
288,Dave,Quillinane,Nissan,7080.33,1710779.27
289,Tommie,Winteringham,Chrysler,8765.66,1719544.93
290,Cathlene,Gigg,Ford,8901.10,1728446.03
291,Amandi,Bovingdon,Buick,8406.20,1736852.23
292,Cazzie,Magrannell,Suzuki,6591.96,1743444.19
293,Hermy,Coraini,Nissan,9729.28,1753173.47
294,Feodora,Edmands,Oldsmobile,5547.11,1758720.58
295,Sigrid,Lempke,Lincoln,9956.20,1768676.78
296,Ramsay,Chazette,Mercedes-Benz,8250.36,1776927.14
297,Bartolomeo,Daville,Chevrolet,5208.08,1782135.22
298,Maurise,Woltering,GMC,9197.73,1791332.95
299,Shelden,Spada,Buick,5485.57,1796818.52
300,Hilliard,Faveryear,Lotus,8265.22,1805083.74
301,Dede,Dennidge,Toyota,6694.38,1811778.12
302,Walsh,Roubeix,Mercury,8377.48,1820155.60
303,Randene,Lochhead,Ford,2774.73,1822930.33
304,Ollie,Nuttey,Lexus,3258.49,1826188.82
305,Patty,Hosby,Audi,3895.29,1830084.11
306,Joyann,Chance,Acura,9622.37,1839706.48
307,Yurik,Dyott,Toyota,2419.79,1842126.27
308,Angelica,Gooble,Cadillac,4949.70,1847075.97
309,Tiffani,Haet,Suzuki,9510.78,1856586.75
310,June,Hynson,Mazda,4333.57,1860920.32
311,Sidonnie,Scholard,Spyker,2147.25,1863067.57
312,Chancey,Dacke,Ford,4465.51,1867533.08
313,Reeta,Dominichelli,Ford,2449.16,1869982.24
314,Rodina,Ansteys,Suzuki,3259.19,1873241.43
315,Kendre,Cairney,Kia,8894.12,1882135.55
316,Malory,Heinsen,Cadillac,3090.21,1885225.76
317,Jewell,Dillon,Mercedes-Benz,5471.29,1890697.05
318,Myrta,Blackaller,GMC,2410.69,1893107.74
319,Urbain,Antoszewski,Lexus,6741.04,1899848.78
320,Robina,Lattos,Ford,9441.53,1909290.31
321,Derek,Arman,Kia,6073.09,1915363.40
322,Florette,Lamboll,Volkswagen,9028.92,1924392.32
323,Witty,Stert,Oldsmobile,6945.53,1931337.85
324,Rosalyn,Blois,Mercury,6470.13,1937807.98
325,Pooh,Lumby,Acura,9400.38,1947208.36
326,Cassandra,Klehyn,Nissan,6805.63,1954013.99
327,Fletch,Cuvley,Subaru,8788.43,1962802.42
328,Carina,Widdowfield,Chevrolet,9597.18,1972399.60
329,Janel,Calcutt,Chevrolet,3880.35,1976279.95
330,Thibaud,Barends,Land Rover,9079.08,1985359.03
331,Max,Halse,Pontiac,6462.19,1991821.22
332,Bryant,Vick,Chevrolet,2618.16,1994439.38
333,Nathan,Grocock,Lexus,5823.08,2000262.46
334,Ethelin,Sheran,Chevrolet,7049.58,2007312.04
335,Sheff,Burley,Mazda,5647.23,2012959.27
336,Dwayne,Sentance,Buick,7415.31,2020374.58
337,Quinton,Rowberry,Dodge,6552.50,2026927.08
338,Alvera,Bruneton,Chrysler,6587.12,2033514.20
339,Leslie,Parren,BMW,8042.41,2041556.61
340,Maiga,Strutley,GMC,4070.56,2045627.17
341,Lydie,Zanuciolii,Dodge,4177.14,2049804.31
342,Wally,Fillgate,Ford,7625.21,2057429.52
343,Camala,Puleston,Mitsubishi,4628.36,2062057.88
344,Sky,Lindenman,Chrysler,4950.48,2067008.36
345,Reinald,Jardin,Volvo,2642.05,2069650.41
346,Lionel,Iannetti,Ford,3445.35,2073095.76
347,Alfy,Korpal,Honda,8618.60,2081714.36
348,Danni,Fretwell,Hyundai,3482.02,2085196.38
349,Horatius,Bein,Chrysler,4688.70,2089885.08
350,Barret,Langelaan,Buick,5118.48,2095003.56
351,Roldan,Lockhart,Subaru,5336.02,2100339.58
352,Merry,Jeacock,Mitsubishi,2235.62,2102575.20
353,Elsa,Wakelin,Suzuki,7973.15,2110548.35
354,Lilian,Shitliff,Suzuki,4514.65,2115063.00
355,Normie,Dybald,Mercury,6426.00,2121489.00
356,Colman,Littell,Honda,7356.08,2128845.08
357,Ronna,Bigmore,Toyota,9347.88,2138192.96
358,Heather,Jopson,Oldsmobile,8204.98,2146397.94
359,Bernadette,Elfes,Suzuki,7059.49,2153457.43
360,Kaiser,Maryon,Acura,2825.65,2156283.08
361,Min,Wakenshaw,Saturn,3268.79,2159551.87
362,Michaelina,Farfoot,Mercury,6938.57,2166490.44
363,Joni,Pawelczyk,Mazda,4448.61,2170939.05
364,Ashla,Piborn,Nissan,6040.52,2176979.57
365,Harley,Stains,Ferrari,9797.01,2186776.58
366,Taddeo,Jelley,Mazda,5531.51,2192308.09
367,Fields,Hutley,Mitsubishi,2251.18,2194559.27
368,Jonas,Ceschi,Cadillac,2516.79,2197076.06
369,Amalea,Starie,Saturn,5007.27,2202083.33
370,Rosette,Banfield,GMC,6235.75,2208319.08
371,Thomasina,Pickersgill,Mitsubishi,3412.18,2211731.26
372,Kit,Gwilym,Volkswagen,4111.91,2215843.17
373,Chucho,Studart,Lexus,7423.01,2223266.18
374,Arny,Geleman,Mitsubishi,7559.85,2230826.03
375,Herold,McFarlane,Infiniti,8117.05,2238943.08
376,Dimitry,Bentjens,Chevrolet,4453.69,2243396.77
377,Dory,Cleminson,Toyota,7384.91,2250781.68
378,Carroll,Binnion,Chevrolet,8111.21,2258892.89
379,Alicea,Valsler,BMW,2874.90,2261767.79
380,Isidoro,Redshaw,Ford,6758.71,2268526.50
381,Tiebold,Tordoff,GMC,2001.12,2270527.62
382,Harrison,Heistermann,Honda,2602.27,2273129.89
383,Saloma,Andrini,Mazda,3287.20,2276417.09
384,Brook,Merrell,Pontiac,6511.91,2282929.00
385,Elizabeth,Swift,Pontiac,5728.30,2288657.30
386,Wallache,Cornil,Ford,4232.65,2292889.95
387,Mathilda,Bulleyn,Acura,9432.57,2302322.52
388,Sergeant,Mehew,Dodge,3677.61,2306000.13
389,Lock,Arni,Hyundai,8229.44,2314229.57
390,Waneta,Vaen,Geo,7037.48,2321267.05
391,Dannie,Axtonne,Mitsubishi,9104.85,2330371.90
392,Randolph,Darben,Ford,2147.94,2332519.84
393,Margareta,Paolone,Cadillac,3538.84,2336058.68
394,Ellie,Jillions,Subaru,9664.60,2345723.28
395,Candy,Hearns,Hyundai,2913.46,2348636.74
396,Jannelle,Torry,Chevrolet,6352.18,2354988.92
397,Roobbie,Heal,Volkswagen,4294.51,2359283.43
398,Heath,Shawyer,Toyota,2690.54,2361973.97
399,Chickie,Fearnall,Toyota,9636.04,2371610.01
400,Duane,McPheat,GMC,3458.91,2375068.92
401,Leda,Sneesby,Suzuki,6100.28,2381169.20
402,Isabelita,Tadgell,Jeep,7142.19,2388311.39
403,Karine,Jaquiss,Ford,6688.76,2395000.15
404,Mikel,Kimpton,Pontiac,3194.24,2398194.39
405,Ancell,Warboys,Pontiac,5796.79,2403991.18
406,Araldo,Heartfield,GMC,9776.09,2413767.27
407,Garey,Niles,GMC,4094.66,2417861.93
408,Maryann,Handrahan,Honda,3669.93,2421531.86
409,Cissiee,Baselli,Scion,5013.96,2426545.82
410,Adler,Gerbi,Daewoo,2411.64,2428957.46
411,Nial,Coniff,Mitsubishi,4220.68,2433178.14
412,Lucienne,Kikke,Lexus,6352.04,2439530.18
413,Bradan,Scutching,GMC,2840.33,2442370.51
414,Jillane,Biggin,Chevrolet,7544.80,2449915.31
415,Alix,Rean,Aston Martin,4804.35,2454719.66
416,Merl,Scotchmur,Subaru,4260.82,2458980.48
417,Marysa,McVity,GMC,6810.99,2465791.47
418,Antonietta,Ubsdell,Chevrolet,2857.67,2468649.14
419,Leland,Matteuzzi,Mitsubishi,7139.95,2475789.09
420,Siffre,Kesby,Maybach,3808.40,2479597.49
421,Jayme,Bondar,Hyundai,4609.55,2484207.04
422,Beret,Pineaux,Honda,5547.93,2489754.97
423,Felicio,Marrill,Suzuki,5809.21,2495564.18
424,Kip,Setterthwait,Volkswagen,5641.59,2501205.77
425,Ashby,Haydney,Nissan,8611.56,2509817.33
426,Donna,Folini,Toyota,7608.51,2517425.84
427,Alameda,O' Molan,Geo,4463.26,2521889.10
428,Isaac,Pudsey,Bentley,5413.44,2527302.54
429,Evered,Simic,Honda,2709.63,2530012.17
430,Valery,Heliet,Land Rover,6056.03,2536068.20
431,Viva,Knolles-Green,Pontiac,9127.29,2545195.49
432,Boy,Keyzor,Lotus,3319.50,2548514.99
433,Trumann,Bugg,Chevrolet,9111.93,2557626.92
434,Eduardo,Widdison,Chevrolet,8821.12,2566448.04
435,Mattheus,Kimblen,Mazda,8967.50,2575415.54
436,Pearla,Beggi,Audi,2093.06,2577508.60
437,Monique,Adamovitz,Land Rover,9674.58,2587183.18
438,Vladamir,Leverett,Jaguar,7787.83,2594971.01
439,Dosi,Ballay,Suzuki,4087.86,2599058.87
440,Ram,Culcheth,Buick,2410.85,2601469.72
441,Sascha,De la Yglesias,Mercedes-Benz,2010.56,2603480.28
442,Grethel,Stapforth,Lamborghini,4916.15,2608396.43
443,Ruperta,Stoeckle,Smart,6955.06,2615351.49
444,Dana,Schoffler,Dodge,5371.88,2620723.37
445,Jerrilyn,Hutchinson,Pontiac,2761.09,2623484.46
446,Dulcia,Spikeings,Ford,2985.95,2626470.41
447,Pyotr,Ivamy,Ford,9279.62,2635750.03
448,Kacey,Skyrm,BMW,2270.87,2638020.90
449,Xymenes,Balch,Toyota,7815.04,2645835.94
450,Orlan,Lashbrook,Chevrolet,9240.22,2655076.16
451,Deloris,Thaine,Mitsubishi,3891.68,2658967.84
452,Berti,Phifer,Chevrolet,2246.07,2661213.91
453,Ninetta,Vallantine,Ford,6774.98,2667988.89
454,Fina,Sevitt,Saturn,6386.56,2674375.45
455,Leila,Jordeson,Nissan,9106.54,2683481.99
456,Waylan,Erridge,Dodge,3085.15,2686567.14
457,Karyn,Menier,Suzuki,5626.91,2692194.05
458,Napoleon,Rayhill,Chevrolet,3423.65,2695617.70
459,Garret,Caudell,Pontiac,5860.87,2701478.57
460,Cleo,Pasquale,Audi,7752.93,2709231.50
461,Elyn,McCarrell,GMC,8947.61,2718179.11
462,Hurlee,Burstowe,Hummer,3836.25,2722015.36
463,Major,Patsall,Porsche,9379.14,2731394.50
464,Floria,Antecki,Scion,4835.53,2736230.03
465,Filmore,Jillis,BMW,8857.99,2745088.02
466,Bradley,Stokell,Dodge,4858.63,2749946.65
467,Angie,Rawsthorne,Volvo,2667.53,2752614.18
468,Zarah,Scholte,Land Rover,5832.90,2758447.08
469,Roxie,Di Matteo,Acura,9238.06,2767685.14
470,Carry,Sneath,BMW,8058.18,2775743.32
471,Maxim,O' Shea,Jeep,2407.41,2778150.73
472,Tillie,Gisbye,Hyundai,4752.81,2782903.54
473,Odelle,Snozzwell,Kia,9447.16,2792350.70
474,Dodi,Haily,Ford,8468.09,2800818.79
475,Letta,Rounsivall,Jeep,6269.66,2807088.45
476,Mallissa,Brimblecombe,Buick,6495.34,2813583.79
477,Howie,Jex,Lexus,7561.69,2821145.48
478,Mikel,Done,Porsche,2703.06,2823848.54
479,Brander,Ivanishev,Pontiac,5523.03,2829371.57
480,Ladonna,Trighton,Alfa Romeo,5112.69,2834484.26
481,Roanne,Guiel,Dodge,7678.21,2842162.47
482,Inna,Peplay,Ford,8166.55,2850329.02
483,Bone,Pettie,Pontiac,3973.19,2854302.21
484,Kerwin,Lumbley,Chevrolet,8405.32,2862707.53
485,Reynard,Sahlstrom,Toyota,3651.98,2866359.51
486,Porty,Aveson,GMC,6324.14,2872683.65
487,Margette,Sara,Ford,3600.47,2876284.12
488,Fairleigh,Fraine,Nissan,9471.09,2885755.21
489,Rafe,Hackney,Pontiac,6447.69,2892202.90
490,Jeffy,Anfrey,Mercury,2026.93,2894229.83
491,Arleta,Larcher,Oldsmobile,2970.78,2897200.61
492,Perl,Alen,Daewoo,7229.68,2904430.29
493,Granger,Gantley,Cadillac,7589.12,2912019.41
494,Micky,Horburgh,Geo,3102.90,2915122.31
495,Saidee,Van der Beken,Volkswagen,8118.91,2923241.22
496,Doralia,Sporner,Mercury,6891.73,2930132.95
497,Kristi,Udey,Dodge,2223.83,2932356.78
498,Kira,Jacobsen,Toyota,5816.54,2938173.32
499,Morris,Andrichak,Nissan,8579.82,2946753.14
500,Nobe,Huett,Mazda,3302.17,2950055.31
501,Cary,Dun,Volkswagen,3577.44,2953632.75
502,Floris,McFfaden,Mazda,4614.85,2958247.60
503,Ferdinand,Daniele,GMC,3855.28,2962102.88
504,Tadeo,Bannell,Pontiac,8468.46,2970571.34
505,Farrah,Alstead,Mitsubishi,7615.62,2978186.96
506,Ula,Mitchley,Chevrolet,4863.28,2983050.24
507,Ainslee,Lassey,Lincoln,5731.93,2988782.17
508,Ilyssa,Ricarde,Audi,2399.23,2991181.40
509,Annalee,Gwynn,Pontiac,6006.10,2997187.50
510,Lorilee,Ambrogio,Ford,8492.57,3005680.07
511,Patty,Garnsworthy,Infiniti,7910.26,3013590.33
512,Agnese,Totterdill,BMW,9317.38,3022907.71
513,Rawley,Matokhnin,BMW,5019.95,3027927.66
514,Marv,Gaynsford,Mazda,9091.50,3037019.16
515,Allissa,Spatarul,Chevrolet,4479.16,3041498.32
516,Candie,Donaldson,Honda,8771.43,3050269.75
517,Reggis,Bandy,Porsche,2902.45,3053172.20
518,Shawna,Wankling,Chevrolet,3578.19,3056750.39
519,Adele,Stegel,Ford,9815.39,3066565.78
520,Lena,Yurinov,Cadillac,8724.98,3075290.76
521,Kaylyn,Kassel,Mazda,2077.97,3077368.73
522,Annetta,Rabier,Ford,4666.83,3082035.56
523,Maribel,Van Bruggen,Volkswagen,9678.32,3091713.88
524,Alina,Piborn,Mazda,6674.89,3098388.77
525,Jordan,Di Biagi,Daewoo,5825.21,3104213.98
526,Ford,Carpenter,Ford,6852.89,3111066.87
527,Stepha,Howsden,Chevrolet,3031.39,3114098.26
528,Janina,Konneke,Ford,8135.33,3122233.59
529,Tallou,Ragdale,Chevrolet,4412.59,3126646.18
530,Sophey,Alesin,Mitsubishi,6241.63,3132887.81
531,Lyell,Chrichton,Kia,6876.36,3139764.17
532,Hermy,Capps,Mercedes-Benz,4546.24,3144310.41
533,Kristan,Rowaszkiewicz,Ford,7003.81,3151314.22
534,Pat,Kohen,Mercedes-Benz,7817.68,3159131.90
535,Nolie,Marriot,BMW,8695.58,3167827.48
536,Uriah,Hemstead,Saturn,4818.05,3172645.53
537,Kingsley,Bredbury,Plymouth,9859.59,3182505.12
538,Maureen,Crampton,Ford,2687.71,3185192.83
539,Nerissa,Tasseler,Subaru,5597.69,3190790.52
540,Laney,Twittey,Mazda,6929.86,3197720.38
541,Jackson,Iacabucci,Volkswagen,2916.60,3200636.98
542,Emiline,Mulhall,Dodge,8008.18,3208645.16
543,Fraze,Bourner,Mazda,7493.00,3216138.16
544,Barty,Manthroppe,Dodge,4060.50,3220198.66
545,Starla,Myatt,Mitsubishi,3762.90,3223961.56
546,Aurthur,Dorrins,Jaguar,9624.97,3233586.53
547,Filia,Schelle,Audi,6895.43,3240481.96
548,Cass,Barthropp,Mazda,4918.88,3245400.84
549,Ida,Thorwarth,Oldsmobile,9232.42,3254633.26
550,Perl,Juszczak,Volvo,3002.32,3257635.58
551,Charlena,Sulter,GMC,7581.62,3265217.20
552,Cher,Wayne,Mercury,5033.62,3270250.82
553,Damiano,Drysdale,Audi,8657.74,3278908.56
554,Ginny,Ketteridge,Nissan,5799.96,3284708.52
555,Leodora,Bolstridge,Mazda,6773.64,3291482.16
556,Eddy,Blyth,Mazda,5787.15,3297269.31
557,Gonzalo,Allberry,GMC,7702.94,3304972.25
558,Merci,Dei,Toyota,6389.11,3311361.36
559,Romona,Melley,Pontiac,6294.67,3317656.03
560,Maggi,Dale,Volkswagen,5208.67,3322864.70
561,Rene,de Leon,Pontiac,4489.96,3327354.66
562,Aube,Borles,Hyundai,3401.66,3330756.32
563,Donnamarie,Roskrug,Ford,2625.80,3333382.12
564,Alphonse,Mansell,Suzuki,2663.92,3336046.04
565,Kim,Falkingham,Chevrolet,2027.46,3338073.50
566,Carmine,Springtorpe,Lincoln,2148.83,3340222.33
567,Wallie,Batterson,Honda,5982.36,3346204.69
568,Gena,Tunny,Lexus,6958.84,3353163.53
569,Eldon,Janowski,Ford,5308.74,3358472.27
570,Stefano,Appleyard,Ford,8410.92,3366883.19
571,Miran,Mettrick,Pontiac,6357.84,3373241.03
572,Gilli,Gilford,Hummer,5183.62,3378424.65
573,Keen,Brockington,Chevrolet,2877.55,3381302.20
574,Preston,Cranna,Hyundai,6962.92,3388265.12
575,Jeanna,Millan,Chevrolet,5888.25,3394153.37
576,Geri,Rodrigo,GMC,2575.83,3396729.20
577,Nelly,Pallas,Chrysler,9629.63,3406358.83
578,Antonetta,Westall,Chevrolet,2422.36,3408781.19
579,Marie,Myers,BMW,4232.74,3413013.93
580,Aimee,Mellsop,Chevrolet,5680.46,3418694.39
581,Itch,De Bruijn,Toyota,7886.89,3426581.28
582,Tamera,Coppard,BMW,4128.85,3430710.13
583,Poppy,Pressland,Cadillac,6253.91,3436964.04
584,Celestina,Bowdrey,BMW,5295.15,3442259.19
585,Roddie,Tanguy,Porsche,4781.96,3447041.15
586,Devy,MacElharge,Mercury,2018.36,3449059.51
587,Aloisia,Stanbridge,Hyundai,2866.26,3451925.77
588,Maude,Gilffillan,BMW,5362.60,3457288.37
589,Romona,Klas,Infiniti,9158.61,3466446.98
590,Ros,Espadas,Ford,7267.74,3473714.72
591,Inge,Ferry,Oldsmobile,2156.84,3475871.56
592,Rowe,Bahike,Audi,7200.69,3483072.25
593,Mel,Rooney,Ford,4284.87,3487357.12
594,Javier,Rispin,Nissan,9622.48,3496979.60
595,Michelina,Breakwell,Toyota,5932.50,3502912.10
596,Mandie,Huglin,Saab,3800.23,3506712.33
597,Anderson,Storcke,Chevrolet,7036.86,3513749.19
598,Margalo,Vassbender,Honda,3948.51,3517697.70
599,Austin,Gooke,Oldsmobile,8136.82,3525834.52
600,Bren,Haysom,Hyundai,6032.77,3531867.29
601,Kaycee,Meritt,Mercury,4651.44,3536518.73
602,Rustie,Weal,Buick,7380.06,3543898.79
603,Michal,Gittens,BMW,5838.89,3549737.68
604,Rozanna,Rydeard,Cadillac,5855.17,3555592.85
605,Tulley,Ordemann,Volkswagen,9513.32,3565106.17
606,Ernestus,Londing,BMW,4503.08,3569609.25
607,Mart,Lovett,Mazda,6667.02,3576276.27
608,Helaine,Featherstone,Lincoln,3368.59,3579644.86
609,Beniamino,Sitwell,Cadillac,9936.99,3589581.85
610,Pauly,Cusack,Mazda,4425.14,3594006.99
611,Louisette,McIlwrick,Honda,9445.16,3603452.15
612,Boigie,Brimacombe,Dodge,2346.95,3605799.10
613,Fredrika,Copping,Aston Martin,8955.45,3614754.55
614,Zelma,Sharply,Lincoln,2301.47,3617056.02
615,Gretal,Shearstone,Ford,3339.37,3620395.39
616,Libbi,Cleverley,Volkswagen,2080.73,3622476.12
617,Janetta,Pettingill,Mercedes-Benz,6325.80,3628801.92
618,Aluin,Fretter,Maserati,2616.89,3631418.81
619,Reinhard,Grieg,Mercedes-Benz,4165.64,3635584.45
620,Bryce,Walenta,GMC,2441.94,3638026.39
621,Alf,O'Shiel,Mazda,4949.65,3642976.04
622,Michell,Dennett,Ford,2743.36,3645719.40
623,Trevor,Fagence,Volvo,9974.80,3655694.20
624,Bettina,Poyntz,Volkswagen,9672.37,3665366.57
625,Devinne,Darnell,Chevrolet,2557.30,3667923.87
626,Kendra,Frankham,Volvo,2924.98,3670848.85
627,Lothario,Clail,Volvo,9472.13,3680320.98
628,Isabeau,Dedman,Mitsubishi,2138.97,3682459.95
629,Ronni,Garett,Toyota,2949.70,3685409.65
630,Augie,Eddow,Suzuki,5414.52,3690824.17
631,Trixi,Slisby,Kia,5458.71,3696282.88
632,Lacie,Ahmed,Nissan,9815.21,3706098.09
633,Darcey,Glencross,Acura,5943.57,3712041.66
634,Esme,Loughlan,GMC,5301.22,3717342.88
635,Ermina,Lawler,Mazda,7038.68,3724381.56
636,Upton,Tamblyn,Dodge,2005.79,3726387.35
637,Casper,Mallall,Chevrolet,5310.09,3731697.44
638,Travus,Di Frisco,Chevrolet,2031.61,3733729.05
639,Delila,D'eath,Chevrolet,2484.31,3736213.36
640,Leonardo,Bowcher,Mitsubishi,2686.98,3738900.34
641,Burk,Cragoe,Dodge,5192.97,3744093.31
642,Gar,Skewes,Buick,7744.55,3751837.86
643,Jess,MacTrustram,Lincoln,4268.23,3756106.09
644,Meaghan,Tweddle,Dodge,6414.00,3762520.09
645,Suellen,Giraudo,Ford,6862.45,3769382.54
646,Paulo,O' Byrne,Acura,7988.53,3777371.07
647,Vitia,Gally,Ford,3344.06,3780715.13
648,Giovanna,Huscroft,Volvo,6000.95,3786716.08
649,Pavlov,Fleming,Mitsubishi,8830.85,3795546.93
650,Mozes,Sketh,Audi,8013.50,3803560.43
651,Knox,Daniells,Ford,4690.71,3808251.14
652,Maxine,Ruddlesden,Mitsubishi,9524.91,3817776.05
653,Nealy,Boylin,Ford,8319.20,3826095.25
654,Lucius,Glede,GMC,6962.06,3833057.31
655,Isabelita,Jorissen,Acura,7009.47,3840066.78
656,Darlene,Sussams,Chevrolet,9173.57,3849240.35
657,Leisha,Prevost,Dodge,2389.97,3851630.32
658,Birgitta,Wapol,Ford,8684.73,3860315.05
659,Effie,Wootton,Volvo,2144.11,3862459.16
660,Fernande,Blunkett,Mitsubishi,4352.96,3866812.12
661,Humfrid,Inde,Kia,4479.09,3871291.21
662,Walther,Satterly,BMW,9741.81,3881033.02
663,Bessy,Skayman,Acura,3206.61,3884239.63
664,Eldon,Bownass,Mazda,7341.72,3891581.35
665,Tarrance,Baudry,Aston Martin,7759.70,3899341.05
666,Cass,Chinge,Jaguar,7082.09,3906423.14
667,Camellia,Di Domenico,Volkswagen,5302.36,3911725.50
668,Claire,Tuttle,Mazda,8371.38,3920096.88
669,Priscella,Rounding,MINI,5783.96,3925880.84
670,Giacobo,Sarjent,Suzuki,9829.56,3935710.40
671,Ashbey,Vigne,Chevrolet,7869.11,3943579.51
672,Seward,Cicconettii,Nissan,2685.06,3946264.57
673,Elwood,Oran,Chevrolet,9431.87,3955696.44
674,Pasquale,Billiard,Oldsmobile,9832.60,3965529.04
675,Madlin,Ishchenko,Volkswagen,3448.78,3968977.82
676,Jule,Bampkin,Toyota,8288.95,3977266.77
677,Julie,Real,Hyundai,9805.64,3987072.41
678,Barbara-anne,Keary,Acura,6934.93,3994007.34
679,Lura,Godby,Ford,8064.59,4002071.93
680,Olia,Yakovitch,Lincoln,9964.67,4012036.60
681,Bram,Hoppner,Chrysler,2567.01,4014603.61
682,Devan,Vaudrey,Pontiac,9769.22,4024372.83
683,Kacy,Grouvel,Mitsubishi,3694.78,4028067.61
684,Melitta,MacChaell,Dodge,4026.05,4032093.66
685,Adorne,Laux,Mitsubishi,5105.80,4037199.46
686,Marijo,Otley,Tesla,2782.89,4039982.35
687,Cilka,Deerness,Honda,6603.30,4046585.65
688,Royce,Milne,Mitsubishi,2979.03,4049564.68
689,Albie,Siebart,GMC,5751.43,4055316.11
690,Trixy,Kelcey,Honda,3173.37,4058489.48
691,Raimondo,Stranaghan,Pontiac,7292.42,4065781.90
692,Gerri,Kerswell,Honda,7351.91,4073133.81
693,Fredia,Titt,GMC,2445.54,4075579.35
694,Nisse,Forder,Audi,7870.78,4083450.13
695,Aretha,Knights,Nissan,7502.22,4090952.35
696,Ettore,Donaldson,Honda,9867.24,4100819.59
697,Cloe,Heake,Land Rover,3789.74,4104609.33
698,Bastien,Denzilow,Suzuki,3281.43,4107890.76
699,Karolina,Krysztofiak,Lexus,8421.62,4116312.38
700,Anna,Stroobant,Jeep,5839.36,4122151.74
701,Carmel,Puve,Mercury,5339.53,4127491.27
702,Lily,Tenman,Toyota,9990.89,4137482.16
703,Mikkel,Braywood,Mercedes-Benz,4599.59,4142081.75
704,Deirdre,Gulc,Mitsubishi,4663.63,4146745.38
705,Tedman,Sprankling,Ford,2138.83,4148884.21
706,Leese,Lockitt,BMW,2548.50,4151432.71
707,Vinnie,Bittany,Lincoln,8054.59,4159487.30
708,Shannah,Eyles,Dodge,6177.61,4165664.91
709,Dulcinea,Carmichael,Maybach,6182.74,4171847.65
710,Cornelia,Lipscombe,Ford,5679.78,4177527.43
711,Raye,Sparey,Mazda,9205.35,4186732.78
712,Timothea,Spurr,Subaru,2552.40,4189285.18
713,Phil,Mortel,Hyundai,4298.01,4193583.19
714,Tadio,Thurlbeck,GMC,8377.87,4201961.06
715,Isadora,Stanbrooke,Mercedes-Benz,9536.99,4211498.05
716,Bondie,Hazzard,BMW,2985.68,4214483.73
717,Donny,Covolini,Chevrolet,4769.35,4219253.08
718,Estell,Rutledge,Toyota,8044.02,4227297.10
719,Yulma,Cavanaugh,Lexus,5600.14,4232897.24
720,Lucas,Billings,Pontiac,9948.36,4242845.60
721,Klarika,Bugby,Buick,6476.55,4249322.15
722,Devan,Given,Mercedes-Benz,8626.02,4257948.17
723,Valera,Streatley,Mazda,7559.34,4265507.51
724,Cherilyn,Mayston,BMW,9340.12,4274847.63
725,Lyndsie,Logsdale,Mazda,8260.36,4283107.99
726,Thibaud,Kippen,Suzuki,4129.69,4287237.68
727,Payton,Sleeman,Dodge,5934.02,4293171.70
728,Jedediah,Frude,Mitsubishi,4390.85,4297562.55
729,Emmie,Spottswood,Lincoln,7500.40,4305062.95
730,Shaughn,Neve,Nissan,7731.72,4312794.67
731,Bridget,Berryman,Lincoln,4032.91,4316827.58
732,Joshuah,Pottery,Lexus,7364.15,4324191.73
733,Angie,Elfleet,Ford,9539.09,4333730.82
734,Justin,Medina,Toyota,9221.93,4342952.75
735,Louis,Gabbatiss,Rolls-Royce,4880.07,4347832.82
736,Eal,Beyer,Nissan,4825.00,4352657.82
737,Zorine,Whisson,Saab,3590.70,4356248.52
738,Ferdinande,Alennikov,Mercedes-Benz,9412.54,4365661.06
739,Charlean,Kyttor,Lincoln,9042.20,4374703.26
740,Orelie,Ricarde,Infiniti,6427.62,4381130.88
741,Veronike,Sciacovelli,GMC,2837.21,4383968.09
742,Gaven,Paddell,GMC,8284.93,4392253.02
743,Emmit,Legge,Chevrolet,8228.90,4400481.92
744,Rochelle,Dodle,Pontiac,8702.38,4409184.30
745,Valeda,Odger,Dodge,8048.19,4417232.49
746,Fae,Maypother,Volkswagen,6482.77,4423715.26
747,Hailee,Klaffs,Lotus,5963.98,4429679.24
748,Marlene,Siley,Audi,2064.26,4431743.50
749,Ebony,Rielly,Plymouth,2877.36,4434620.86
750,Elmore,Ostridge,Lexus,7369.35,4441990.21
751,Mellisent,Chastelain,Pontiac,4158.46,4446148.67
752,Brantley,Saipy,Nissan,6237.87,4452386.54
753,Engelbert,Hards,Chrysler,8805.15,4461191.69
754,Beniamino,Woolis,Ford,7596.28,4468787.97
755,Bentlee,McWhinnie,Mercedes-Benz,2785.69,4471573.66
756,Noami,Cobbledick,Audi,2309.10,4473882.76
757,Boonie,Yateman,Chevrolet,9672.34,4483555.10
758,Andromache,Magenny,Nissan,7041.55,4490596.65
759,Arline,Weich,Ford,7565.11,4498161.76
760,Ashely,Andrew,Scion,6090.16,4504251.92
761,Jamison,Twycross,Buick,7342.08,4511594.00
762,Miguela,Mayoh,GMC,2515.05,4514109.05
763,Clarine,Tilte,Toyota,7682.47,4521791.52
764,Ben,Crosby,Hummer,5971.17,4527762.69
765,Laureen,Jiggens,Toyota,6223.06,4533985.75
766,Reuben,Touhig,Buick,4177.56,4538163.31
767,Luise,Palphreyman,Volkswagen,6970.34,4545133.65
768,Maritsa,Clarae,BMW,3706.15,4548839.80
769,Eliza,Birkenhead,Lexus,4530.03,4553369.83
770,Shaylyn,Barr,Spyker,7983.67,4561353.50
771,Mitzi,Reaman,Mazda,4887.92,4566241.42
772,Thelma,Pennaman,Mitsubishi,4267.40,4570508.82
773,Andrea,BoHlingolsen,Volvo,5519.08,4576027.90
774,Mason,Slesser,Pontiac,6569.30,4582597.20
775,Abdel,Holtom,Pontiac,6024.35,4588621.55
776,Cassius,Endecott,BMW,7393.19,4596014.74
777,Jacqui,Bee,Lexus,5091.74,4601106.48
778,Rufe,Loughman,Kia,4170.17,4605276.65
779,Roch,Guerrier,Chrysler,5066.45,4610343.10
780,Alana,Joul,Mitsubishi,6550.96,4616894.06
781,Taite,Sleet,Volkswagen,5774.43,4622668.49
782,Matthus,Sillitoe,Subaru,4822.85,4627491.34
783,Olimpia,Lamberton,Chrysler,6255.98,4633747.32
784,Honoria,Fonquernie,Subaru,5330.37,4639077.69
785,Hartwell,Corwood,Volkswagen,7531.40,4646609.09
786,Myranda,Eckley,Mazda,7366.02,4653975.11
787,Kenneth,Oland,Buick,5670.99,4659646.10
788,Doreen,Worledge,Jeep,8341.13,4667987.23
789,Ferdinanda,Tattersill,Chevrolet,2498.73,4670485.96
790,Bambie,Heeks,Lexus,7812.61,4678298.57
791,Gail,Behning,Toyota,3458.25,4681756.82
792,Franzen,Norfolk,Chrysler,4787.98,4686544.80
793,Madelon,Abela,Mazda,4895.22,4691440.02
794,Susannah,Suttle,Lincoln,8024.49,4699464.51
795,Keven,De Luna,Volkswagen,4723.83,4704188.34
796,Nert,Drance,Audi,6703.73,4710892.07
797,Jessie,Lenin,Mitsubishi,4708.14,4715600.21
798,Devlin,Ruppelin,Dodge,4738.40,4720338.61
799,Datha,Niaves,Chevrolet,8471.82,4728810.43
800,Hortense,Heggie,Pontiac,6669.20,4735479.63
801,Giordano,Seally,Dodge,9945.29,4745424.92
802,Kristofor,Casetta,Chevrolet,3995.06,4749419.98
803,Trista,Gallelli,Mercedes-Benz,6840.95,4756260.93
804,Allis,Cuolahan,Porsche,9201.16,4765462.09
805,Christen,Blanshard,Pontiac,8974.65,4774436.74
806,Di,Trenear,Mitsubishi,6450.16,4780886.90
807,Tana,Kellet,Audi,2578.16,4783465.06
808,Massimo,Herety,Toyota,9773.69,4793238.75
809,Alvis,Kneebone,Mazda,4294.19,4797532.94
810,Morly,Garms,Ford,5593.45,4803126.39
811,Ariana,Sotham,Nissan,7445.23,4810571.62
812,Hyacinthia,Oswal,Lexus,8213.44,4818785.06
813,Denice,Oxborrow,Ford,8300.17,4827085.23
814,Kalle,Cordingly,Hyundai,4288.81,4831374.04
815,Paul,Kuhnhardt,Nissan,9608.79,4840982.83
816,Alia,Bryan,Mitsubishi,2175.05,4843157.88
817,Robbert,Lavington,Lexus,5725.33,4848883.21
818,Doralyn,Gillespie,Geo,8673.42,4857556.63
819,Devlen,Lovell,Maybach,5781.42,4863338.05
820,Winnie,Sibbert,Mitsubishi,5922.33,4869260.38
821,Sid,Sleight,Suzuki,6661.31,4875921.69
822,Aretha,d' Eye,Cadillac,7111.06,4883032.75
823,Tabb,Badby,Chrysler,8960.34,4891993.09
824,Elsey,Peffer,Volvo,7019.99,4899013.08
825,Glori,Beecroft,Shelby,3254.10,4902267.18
826,Gilbertine,Brittlebank,Hyundai,7358.42,4909625.60
827,Filbert,Pollett,GMC,9176.20,4918801.80
828,Northrup,Elen,Chevrolet,9478.13,4928279.93
829,Geoffry,Duesberry,Honda,6981.68,4935261.61
830,Quentin,Whitty,Suzuki,6340.06,4941601.67
831,Marylee,McBain,Dodge,4273.26,4945874.93
832,Eleanore,Aitken,Mercury,3756.78,4949631.71
833,Marve,Broxton,GMC,4871.77,4954503.48
834,Lexis,Allender,Volvo,6515.18,4961018.66
835,Abdul,Rex,Studebaker,8389.82,4969408.48
836,Thebault,Fulk,Audi,9993.19,4979401.67
837,Stephana,Crame,Dodge,9700.99,4989102.66
838,Marla,Janaway,Buick,5848.41,4994951.07
839,Emmi,MacCauley,Toyota,5377.50,5000328.57
840,Celie,Gander,GMC,5967.58,5006296.15
841,El,Inkpin,Buick,4789.97,5011086.12
842,Irwinn,Kment,Ford,6047.28,5017133.40
843,Claudina,Groneway,Mitsubishi,9125.03,5026258.43
844,Kassandra,Posselwhite,Cadillac,8984.48,5035242.91
845,Lorilyn,Lillie,Oldsmobile,7082.67,5042325.58
846,Franciska,Amort,Pontiac,5514.44,5047840.02
847,Alric,Gotling,Infiniti,5333.92,5053173.94
848,Lilith,Caltera,Suzuki,9030.05,5062203.99
849,Patty,Shirrell,Dodge,4086.97,5066290.96
850,Norman,Ballingal,Volvo,3457.57,5069748.53
851,Madelon,Varlow,Suzuki,8131.81,5077880.34
852,Lev,Tithecote,Lexus,5335.26,5083215.60
853,Ward,Snassell,Mercury,4567.98,5087783.58
854,Rudolf,Mountfort,Ferrari,6074.44,5093858.02
855,Jeff,Yurchenko,Honda,9726.86,5103584.88
856,Lucila,Claricoates,Chevrolet,8047.54,5111632.42
857,Nicoline,Reddel,Maserati,2116.03,5113748.45
858,Diena,Leader,GMC,7327.09,5121075.54
859,Stormi,Seiter,Volkswagen,7019.59,5128095.13
860,Kylen,Spaducci,Volkswagen,6697.09,5134792.22
861,Tymon,Ropert,Jeep,5002.93,5139795.15
862,Jessalyn,Mikalski,Audi,4408.08,5144203.23
863,Merrilee,Ateggart,Honda,4501.35,5148704.58
864,Ladonna,Redington,Chevrolet,8717.42,5157422.00
865,Gayle,Kofax,Nissan,3542.99,5160964.99
866,Brigham,Flooks,Jeep,4103.17,5165068.16
867,Tulley,Lazenbury,Acura,9120.17,5174188.33
868,Ivie,Verdey,Hyundai,2262.72,5176451.05
869,Delcine,Harby,GMC,3198.88,5179649.93
870,Webb,Egel,Acura,6881.71,5186531.64
871,Shaine,Martinez,Volkswagen,5505.68,5192037.32
872,Laurette,Badrick,Ford,3768.07,5195805.39
873,Bonnie,Derington,Mercedes-Benz,6322.81,5202128.20
874,Donal,Vice,Chevrolet,5048.38,5207176.58
875,Jaquenette,Elloit,BMW,3737.08,5210913.66
876,Sonnie,Ryding,Mitsubishi,9105.51,5220019.17
877,Doreen,Bellew,Subaru,5327.81,5225346.98
878,Raphaela,Perritt,Mitsubishi,4905.06,5230252.04
879,Brynne,Elland,Hummer,8581.84,5238833.88
880,Ferris,Baseley,GMC,4522.66,5243356.54
881,Joseito,Troy,Mazda,8249.93,5251606.47
882,Tadio,Eldrid,Bentley,7440.21,5259046.68
883,Tara,Cathee,GMC,6406.73,5265453.41
884,Felipa,Skrzynski,Nissan,9343.73,5274797.14
885,Trudy,Eamer,Volkswagen,8631.47,5283428.61
886,Sorcha,Mackiewicz,Mitsubishi,9960.50,5293389.11
887,Rossie,Giblin,Mercury,2964.09,5296353.20
888,Budd,Waldren,Kia,6240.26,5302593.46
889,Ynez,McKeeman,Land Rover,9327.43,5311920.89
890,Tessie,Minghetti,Kia,3251.00,5315171.89
891,Nikki,Le Grice,Mercedes-Benz,2647.69,5317819.58
892,Bobbie,Longmuir,Nissan,9825.78,5327645.36
893,Ferrell,Philp,Pontiac,2887.82,5330533.18
894,Abraham,Rosenfarb,Volvo,2356.76,5332889.94
895,Lorant,Machin,Pontiac,9568.11,5342458.05
896,Georgina,Bell,Pontiac,6041.02,5348499.07
897,Carolyne,Belshaw,Nissan,5970.21,5354469.28
898,Payton,Harkess,Jeep,2838.70,5357307.98
899,Marius,Johnston,Chevrolet,3897.53,5361205.51
900,Cahra,Pepperd,Subaru,5655.42,5366860.93
901,Darby,Filby,Hyundai,6193.47,5373054.40
902,Ivett,Neles,Acura,6673.70,5379728.10
903,Glenda,Ellingsworth,GMC,6189.44,5385917.54
904,Douglass,Gniewosz,Mercedes-Benz,6641.89,5392559.43
905,Tracee,Hazley,Hyundai,9834.51,5402393.94
906,Nara,Grzeszczak,Land Rover,8947.21,5411341.15
907,Tab,Filintsev,Ford,4575.08,5415916.23
908,Garvy,Astbery,Dodge,5721.43,5421637.66
909,Wells,Wetheril,Mazda,2253.99,5423891.65
910,Bette-ann,Beldan,Land Rover,3158.31,5427049.96
911,Roley,Wellesley,Chevrolet,3420.59,5430470.55
912,Maurie,De Vere,Lotus,6274.54,5436745.09
913,Miquela,Fraanchyonok,Hyundai,8773.59,5445518.68
914,Kim,Dutnall,Cadillac,6418.46,5451937.14
915,Livia,Bunyan,Volvo,6954.21,5458891.35
916,Dur,Delnevo,Mitsubishi,9659.42,5468550.77
917,Celestina,Skettles,Dodge,9056.71,5477607.48
918,Jill,Wyllt,Mazda,9340.14,5486947.62
919,Jacquelynn,Calbrathe,Mercedes-Benz,8984.50,5495932.12
920,Nicholas,Blaase,Ford,4104.24,5500036.36
921,Parker,Cottage,Mitsubishi,8503.44,5508539.80
922,Hynda,Lidgard,Audi,2257.01,5510796.81
923,Sheila,Killough,Mercedes-Benz,9398.40,5520195.21
924,Farrel,Stubley,Honda,5479.26,5525674.47
925,Sarine,McGrane,Mercury,4361.16,5530035.63
926,Wilona,Cousins,Hyundai,8297.45,5538333.08
927,Sascha,Astupenas,Daewoo,8881.55,5547214.63
928,Lucie,Filipiak,Buick,6772.03,5553986.66
929,Vikky,Demetr,Chevrolet,7980.99,5561967.65
930,Korrie,Himpson,Chevrolet,8188.72,5570156.37
931,Tallie,Abisetti,GMC,2853.36,5573009.73
932,Stesha,Kendell,Mazda,5643.62,5578653.35
933,Jesus,Blethyn,Infiniti,3275.39,5581928.74
934,Florian,Ysson,Audi,8261.92,5590190.66
935,Paulina,Purcell,Dodge,3597.46,5593788.12
936,Lion,Gordon,GMC,6527.09,5600315.21
937,Emalee,Paal,Acura,4840.21,5605155.42
938,Alyson,Disley,BMW,9852.42,5615007.84
939,Sibella,Loalday,Subaru,7886.14,5622893.98
940,Nap,Ponnsett,Cadillac,5900.81,5628794.79
941,Cristie,Windybank,Buick,6985.96,5635780.75
942,Frasquito,Mallender,Nissan,5137.95,5640918.70
943,Yelena,Lowder,Toyota,2099.73,5643018.43
944,Kailey,Wilshire,Lexus,8707.46,5651725.89
945,Trina,Vandenhoff,BMW,9581.10,5661306.99
946,Leah,Edghinn,Pontiac,3371.85,5664678.84
947,Elicia,De Biaggi,Dodge,7270.95,5671949.79
948,Gilberte,Colegate,Dodge,8026.55,5679976.34
949,Anastassia,Plenty,Ford,5325.33,5685301.67
950,Leisha,Benardet,Mitsubishi,8016.54,5693318.21
951,Halli,MacFall,Buick,5057.33,5698375.54
952,Rozamond,Brugh,GMC,7271.01,5705646.55
953,Trixi,Hegg,Suzuki,4806.20,5710452.75
954,Lonnie,Wynes,Chevrolet,4816.49,5715269.24
955,Sonia,Porcas,Toyota,6848.11,5722117.35
956,Cherish,Urrey,Mercury,4508.88,5726626.23
957,Vlad,Burghill,Chevrolet,6997.41,5733623.64
958,Wildon,Kumaar,Jaguar,7907.59,5741531.23
959,Stormi,Cassy,Buick,4099.90,5745631.13
960,Elisabeth,Holwell,Ford,7062.91,5752694.04
961,Moyra,Grimstead,Pontiac,9373.85,5762067.89
962,Hazel,Barnby,Ford,8477.18,5770545.07
963,Willabella,Braz,Hyundai,4974.29,5775519.36
964,Hyatt,Hathaway,Volkswagen,3870.06,5779389.42
965,Javier,Clemendet,Jaguar,3448.76,5782838.18
966,Ondrea,Lensch,Oldsmobile,7324.44,5790162.62
967,Jess,Doding,Maybach,5936.66,5796099.28
968,Bobbette,Dangl,Ford,3857.31,5799956.59
969,Farrel,Sawyer,Mercury,9012.79,5808969.38
970,Niles,Streight,Buick,4858.25,5813827.63
971,Marius,Hamlyn,Pontiac,8287.66,5822115.29
972,Ricki,Murty,Mercury,9329.17,5831444.46
973,Leilah,Flannigan,Toyota,3105.96,5834550.42
974,Ronald,Eglinton,Mitsubishi,7498.61,5842049.03
975,Henrik,Jeanes,Ford,3665.24,5845714.27
976,Sherrie,Wellfare,Lexus,2428.02,5848142.29
977,Berti,Iddison,Pontiac,8723.91,5856866.20
978,Reeba,Delahunt,Ford,3162.18,5860028.38
979,Jamal,Baert,Mitsubishi,8113.50,5868141.88
980,Mattheus,Andryushin,Chevrolet,4996.38,5873138.26
981,Brigham,Bereford,Pontiac,7335.31,5880473.57
982,Baudoin,Noden,Lexus,9232.23,5889705.80
983,North,MacGorley,Suzuki,7732.56,5897438.36
984,Corey,Restill,Chrysler,6258.28,5903696.64
985,Cornie,Androletti,Isuzu,2756.21,5906452.85
986,Emmalee,Mattin,Toyota,2662.61,5909115.46
987,Pall,Inston,Audi,4308.76,5913424.22
988,Joyann,Margarson,Mercedes-Benz,7684.45,5921108.67
989,Wiatt,Sowersby,Toyota,3277.50,5924386.17
990,Dina,Bruford,Jeep,8692.54,5933078.71
991,Fawn,Farnes,Mercedes-Benz,7488.83,5940567.54
992,Amabelle,Theuff,Suzuki,8493.29,5949060.83
993,Yank,Prangnell,Mazda,3431.02,5952491.85
994,Corbin,Canas,Ford,4402.11,5956893.96
995,Nedda,Carnson,Chrysler,6428.26,5963322.22
996,Rennie,Pinnere,Mercedes-Benz,5029.41,5968351.63
997,Elizabet,Sword,Chevrolet,2211.30,5970562.93
998,Tiertza,Collar,Porsche,8952.59,5979515.52
999,Abie,Washbrook,Dodge,4398.68,5983914.20
1000,Grete,Whisson,Ford,3834.65,5987748.85
